<?xml version="1.0"?>
<link_info>
   <banner>TMS320C55x Linker PC v4.4.1</banner>
   <copyright>Copyright (c) 1996-2012 Texas Instruments Incorporated</copyright>
   <link_time>0x63f63b18</link_time>
   <output_file>aic3204.out</output_file>
   <entry_point>
      <name>_c_int00</name>
      <address>0x3556</address>
   </entry_point>
   <input_file_list>
      <input_file id="fl-2">
         <path>.\</path>
         <kind>object</kind>
         <file>aic3204.obj</file>
         <name>aic3204.obj</name>
      </input_file>
      <input_file id="fl-3">
         <path>.\</path>
         <kind>object</kind>
         <file>ezdsp5502.obj</file>
         <name>ezdsp5502.obj</name>
      </input_file>
      <input_file id="fl-4">
         <path>.\</path>
         <kind>object</kind>
         <file>ezdsp5502_gpio.obj</file>
         <name>ezdsp5502_gpio.obj</name>
      </input_file>
      <input_file id="fl-5">
         <path>.\</path>
         <kind>object</kind>
         <file>ezdsp5502_i2c.obj</file>
         <name>ezdsp5502_i2c.obj</name>
      </input_file>
      <input_file id="fl-6">
         <path>.\</path>
         <kind>object</kind>
         <file>ezdsp5502_i2cgpio.obj</file>
         <name>ezdsp5502_i2cgpio.obj</name>
      </input_file>
      <input_file id="fl-7">
         <path>.\</path>
         <kind>object</kind>
         <file>ezdsp5502_mcbsp.obj</file>
         <name>ezdsp5502_mcbsp.obj</name>
      </input_file>
      <input_file id="fl-8">
         <path>.\</path>
         <kind>object</kind>
         <file>main.obj</file>
         <name>main.obj</name>
      </input_file>
      <input_file id="fl-9">
         <path>.\</path>
         <kind>object</kind>
         <file>myFIR.obj</file>
         <name>myFIR.obj</name>
      </input_file>
      <input_file id="fl-f">
         <path>C:\Users\jisat\OneDrive\Documents\GitHub\Real-TimeDSP\C55xxCSL\lib\</path>
         <kind>archive</kind>
         <file>csl5502x.lib</file>
         <name>_csl_init.obj</name>
      </input_file>
      <input_file id="fl-10">
         <path>C:\Users\jisat\OneDrive\Documents\GitHub\Real-TimeDSP\C55xxCSL\lib\</path>
         <kind>archive</kind>
         <file>csl5502x.lib</file>
         <name>csl.obj</name>
      </input_file>
      <input_file id="fl-11">
         <path>C:\Users\jisat\OneDrive\Documents\GitHub\Real-TimeDSP\C55xxCSL\lib\</path>
         <kind>archive</kind>
         <file>csl5502x.lib</file>
         <name>csl_csldat.obj</name>
      </input_file>
      <input_file id="fl-12">
         <path>C:\Users\jisat\OneDrive\Documents\GitHub\Real-TimeDSP\C55xxCSL\lib\</path>
         <kind>archive</kind>
         <file>csl5502x.lib</file>
         <name>gpio_dir.obj</name>
      </input_file>
      <input_file id="fl-13">
         <path>C:\Users\jisat\OneDrive\Documents\GitHub\Real-TimeDSP\C55xxCSL\lib\</path>
         <kind>archive</kind>
         <file>csl5502x.lib</file>
         <name>gpio_enab.obj</name>
      </input_file>
      <input_file id="fl-14">
         <path>C:\Users\jisat\OneDrive\Documents\GitHub\Real-TimeDSP\C55xxCSL\lib\</path>
         <kind>archive</kind>
         <file>csl5502x.lib</file>
         <name>gpio_open.obj</name>
      </input_file>
      <input_file id="fl-15">
         <path>C:\Users\jisat\OneDrive\Documents\GitHub\Real-TimeDSP\C55xxCSL\lib\</path>
         <kind>archive</kind>
         <file>csl5502x.lib</file>
         <name>gpio_read.obj</name>
      </input_file>
      <input_file id="fl-16">
         <path>C:\Users\jisat\OneDrive\Documents\GitHub\Real-TimeDSP\C55xxCSL\lib\</path>
         <kind>archive</kind>
         <file>csl5502x.lib</file>
         <name>gpio_write.obj</name>
      </input_file>
      <input_file id="fl-17">
         <path>C:\Users\jisat\OneDrive\Documents\GitHub\Real-TimeDSP\C55xxCSL\lib\</path>
         <kind>archive</kind>
         <file>csl5502x.lib</file>
         <name>i2c_cfg.obj</name>
      </input_file>
      <input_file id="fl-18">
         <path>C:\Users\jisat\OneDrive\Documents\GitHub\Real-TimeDSP\C55xxCSL\lib\</path>
         <kind>archive</kind>
         <file>csl5502x.lib</file>
         <name>i2c_read.obj</name>
      </input_file>
      <input_file id="fl-19">
         <path>C:\Users\jisat\OneDrive\Documents\GitHub\Real-TimeDSP\C55xxCSL\lib\</path>
         <kind>archive</kind>
         <file>csl5502x.lib</file>
         <name>i2c_write.obj</name>
      </input_file>
      <input_file id="fl-1a">
         <path>C:\Users\jisat\OneDrive\Documents\GitHub\Real-TimeDSP\C55xxCSL\lib\</path>
         <kind>archive</kind>
         <file>csl5502x.lib</file>
         <name>irq_gdisab.obj</name>
      </input_file>
      <input_file id="fl-1b">
         <path>C:\Users\jisat\OneDrive\Documents\GitHub\Real-TimeDSP\C55xxCSL\lib\</path>
         <kind>archive</kind>
         <file>csl5502x.lib</file>
         <name>irq_grest.obj</name>
      </input_file>
      <input_file id="fl-1c">
         <path>C:\Users\jisat\OneDrive\Documents\GitHub\Real-TimeDSP\C55xxCSL\lib\</path>
         <kind>archive</kind>
         <file>csl5502x.lib</file>
         <name>mcbsp_cfg.obj</name>
      </input_file>
      <input_file id="fl-1d">
         <path>C:\Users\jisat\OneDrive\Documents\GitHub\Real-TimeDSP\C55xxCSL\lib\</path>
         <kind>archive</kind>
         <file>csl5502x.lib</file>
         <name>mcbsp_cls.obj</name>
      </input_file>
      <input_file id="fl-1e">
         <path>C:\Users\jisat\OneDrive\Documents\GitHub\Real-TimeDSP\C55xxCSL\lib\</path>
         <kind>archive</kind>
         <file>csl5502x.lib</file>
         <name>mcbsp_open.obj</name>
      </input_file>
      <input_file id="fl-1f">
         <path>C:\Users\jisat\OneDrive\Documents\GitHub\Real-TimeDSP\C55xxCSL\lib\</path>
         <kind>archive</kind>
         <file>csl5502x.lib</file>
         <name>mcbsp_r16.obj</name>
      </input_file>
      <input_file id="fl-20">
         <path>C:\Users\jisat\OneDrive\Documents\GitHub\Real-TimeDSP\C55xxCSL\lib\</path>
         <kind>archive</kind>
         <file>csl5502x.lib</file>
         <name>mcbsp_rst.obj</name>
      </input_file>
      <input_file id="fl-21">
         <path>C:\Users\jisat\OneDrive\Documents\GitHub\Real-TimeDSP\C55xxCSL\lib\</path>
         <kind>archive</kind>
         <file>csl5502x.lib</file>
         <name>mcbsp_start.obj</name>
      </input_file>
      <input_file id="fl-22">
         <path>C:\Users\jisat\OneDrive\Documents\GitHub\Real-TimeDSP\C55xxCSL\lib\</path>
         <kind>archive</kind>
         <file>csl5502x.lib</file>
         <name>mcbsp_w16.obj</name>
      </input_file>
      <input_file id="fl-23">
         <path>C:\Users\jisat\OneDrive\Documents\GitHub\Real-TimeDSP\C55xxCSL\lib\</path>
         <kind>archive</kind>
         <file>csl5502x.lib</file>
         <name>csl_gpiodat.obj</name>
      </input_file>
      <input_file id="fl-24">
         <path>C:\Users\jisat\OneDrive\Documents\GitHub\Real-TimeDSP\C55xxCSL\lib\</path>
         <kind>archive</kind>
         <file>csl5502x.lib</file>
         <name>csl_mcbspdat.obj</name>
      </input_file>
      <input_file id="fl-25">
         <path>C:\ti\ccsv6\tools\compiler\c5500_4.4.1\lib\</path>
         <kind>archive</kind>
         <file>rts55x.lib</file>
         <name>boot.obj</name>
      </input_file>
      <input_file id="fl-26">
         <path>C:\ti\ccsv6\tools\compiler\c5500_4.4.1\lib\</path>
         <kind>archive</kind>
         <file>rts55x.lib</file>
         <name>exit.obj</name>
      </input_file>
      <input_file id="fl-27">
         <path>C:\ti\ccsv6\tools\compiler\c5500_4.4.1\lib\</path>
         <kind>archive</kind>
         <file>rts55x.lib</file>
         <name>vectors.obj</name>
      </input_file>
      <input_file id="fl-28">
         <path>C:\ti\ccsv6\tools\compiler\c5500_4.4.1\lib\</path>
         <kind>archive</kind>
         <file>rts55x.lib</file>
         <name>_lock.obj</name>
      </input_file>
      <input_file id="fl-29">
         <path>C:\ti\ccsv6\tools\compiler\c5500_4.4.1\lib\</path>
         <kind>archive</kind>
         <file>rts55x.lib</file>
         <name>args_main.obj</name>
      </input_file>
      <input_file id="fl-2a">
         <path>C:\ti\ccsv6\tools\compiler\c5500_4.4.1\lib\</path>
         <kind>archive</kind>
         <file>rts55x.lib</file>
         <name>autoinit.obj</name>
      </input_file>
   </input_file_list>
   <object_component_list>
      <object_component id="oc-4f">
         <name>.text:MCBSP_reset</name>
         <load_address>0x2300</load_address>
         <run_address>0x2300</run_address>
         <size>0x261</size>
         <input_file_ref idref="fl-20"/>
      </object_component>
      <object_component id="oc-14">
         <name>.text</name>
         <load_address>0x2561</load_address>
         <run_address>0x2561</run_address>
         <size>0x223</size>
         <input_file_ref idref="fl-2"/>
      </object_component>
      <object_component id="oc-1e">
         <name>.text</name>
         <load_address>0x2784</load_address>
         <run_address>0x2784</run_address>
         <size>0x20c</size>
         <input_file_ref idref="fl-4"/>
      </object_component>
      <object_component id="oc-48">
         <name>.text:I2C_write</name>
         <load_address>0x2990</load_address>
         <run_address>0x2990</run_address>
         <size>0x18e</size>
         <input_file_ref idref="fl-19"/>
      </object_component>
      <object_component id="oc-61">
         <name>.text</name>
         <load_address>0x2b1e</load_address>
         <run_address>0x2b1e</run_address>
         <size>0x2</size>
         <input_file_ref idref="fl-27"/>
      </object_component>
      <object_component id="oc-47">
         <name>.text:I2C_read</name>
         <load_address>0x2b20</load_address>
         <run_address>0x2b20</run_address>
         <size>0x15d</size>
         <input_file_ref idref="fl-18"/>
      </object_component>
      <object_component id="oc-29">
         <name>.text</name>
         <load_address>0x2c7d</load_address>
         <run_address>0x2c7d</run_address>
         <size>0x14e</size>
         <input_file_ref idref="fl-6"/>
      </object_component>
      <object_component id="oc-4b">
         <name>.text:MCBSP_config</name>
         <load_address>0x2dcc</load_address>
         <run_address>0x2dcc</run_address>
         <size>0x130</size>
         <input_file_ref idref="fl-1c"/>
      </object_component>
      <object_component id="oc-34">
         <name>.text</name>
         <load_address>0x2efc</load_address>
         <run_address>0x2efc</run_address>
         <size>0x105</size>
         <input_file_ref idref="fl-8"/>
      </object_component>
      <object_component id="oc-4d">
         <name>.text:MCBSP_open</name>
         <load_address>0x3004</load_address>
         <run_address>0x3004</run_address>
         <size>0xee</size>
         <input_file_ref idref="fl-1e"/>
      </object_component>
      <object_component id="oc-2e">
         <name>.text</name>
         <load_address>0x30f2</load_address>
         <run_address>0x30f2</run_address>
         <size>0xba</size>
         <input_file_ref idref="fl-7"/>
      </object_component>
      <object_component id="oc-50">
         <name>.text:MCBSP_start</name>
         <load_address>0x31ac</load_address>
         <run_address>0x31ac</run_address>
         <size>0x82</size>
         <input_file_ref idref="fl-21"/>
      </object_component>
      <object_component id="oc-3b">
         <name>.text</name>
         <load_address>0x322e</load_address>
         <run_address>0x322e</run_address>
         <size>0x79</size>
         <input_file_ref idref="fl-9"/>
      </object_component>
      <object_component id="oc-46">
         <name>.text:I2C_config</name>
         <load_address>0x32a8</load_address>
         <run_address>0x32a8</run_address>
         <size>0x72</size>
         <input_file_ref idref="fl-17"/>
      </object_component>
      <object_component id="oc-19">
         <name>.text</name>
         <load_address>0x331a</load_address>
         <run_address>0x331a</run_address>
         <size>0x6f</size>
         <input_file_ref idref="fl-3"/>
      </object_component>
      <object_component id="oc-24">
         <name>.text</name>
         <load_address>0x3389</load_address>
         <run_address>0x3389</run_address>
         <size>0x6d</size>
         <input_file_ref idref="fl-5"/>
      </object_component>
      <object_component id="oc-43">
         <name>.text:GPIO_open</name>
         <load_address>0x33f8</load_address>
         <run_address>0x33f8</run_address>
         <size>0x4f</size>
         <input_file_ref idref="fl-14"/>
      </object_component>
      <object_component id="oc-6f">
         <name>.text</name>
         <load_address>0x3447</load_address>
         <run_address>0x3447</run_address>
         <size>0x4d</size>
         <input_file_ref idref="fl-2a"/>
      </object_component>
      <object_component id="oc-6b">
         <name>.text</name>
         <load_address>0x3494</load_address>
         <run_address>0x3494</run_address>
         <size>0x4b</size>
         <input_file_ref idref="fl-29"/>
      </object_component>
      <object_component id="oc-5a">
         <name>.text</name>
         <load_address>0x34df</load_address>
         <run_address>0x34df</run_address>
         <size>0x3e</size>
         <input_file_ref idref="fl-26"/>
      </object_component>
      <object_component id="oc-4c">
         <name>.text:MCBSP_close</name>
         <load_address>0x3520</load_address>
         <run_address>0x3520</run_address>
         <size>0x36</size>
         <input_file_ref idref="fl-1d"/>
      </object_component>
      <object_component id="oc-12">
         <name>.text</name>
         <load_address>0x3556</load_address>
         <run_address>0x3556</run_address>
         <size>0x34</size>
         <input_file_ref idref="fl-25"/>
      </object_component>
      <object_component id="oc-41">
         <name>.text:GPIO_pinDirection</name>
         <load_address>0x358c</load_address>
         <run_address>0x358c</run_address>
         <size>0x1f</size>
         <input_file_ref idref="fl-12"/>
      </object_component>
      <object_component id="oc-45">
         <name>.text:GPIO_pinWrite</name>
         <load_address>0x35ac</load_address>
         <run_address>0x35ac</run_address>
         <size>0x1f</size>
         <input_file_ref idref="fl-16"/>
      </object_component>
      <object_component id="oc-44">
         <name>.text:GPIO_pinRead</name>
         <load_address>0x35cc</load_address>
         <run_address>0x35cc</run_address>
         <size>0x14</size>
         <input_file_ref idref="fl-15"/>
      </object_component>
      <object_component id="oc-42">
         <name>.text:GPIO_pinEnable</name>
         <load_address>0x35e0</load_address>
         <run_address>0x35e0</run_address>
         <size>0x13</size>
         <input_file_ref idref="fl-13"/>
      </object_component>
      <object_component id="oc-65">
         <name>.text</name>
         <load_address>0x35f3</load_address>
         <run_address>0x35f3</run_address>
         <size>0x12</size>
         <input_file_ref idref="fl-28"/>
      </object_component>
      <object_component id="oc-49">
         <name>.text:IRQ_globalDisable</name>
         <load_address>0x3608</load_address>
         <run_address>0x3608</run_address>
         <size>0xf</size>
         <input_file_ref idref="fl-1a"/>
      </object_component>
      <object_component id="oc-3c">
         <name>.text:_CSL_init</name>
         <load_address>0x3618</load_address>
         <run_address>0x3618</run_address>
         <size>0xd</size>
         <input_file_ref idref="fl-f"/>
      </object_component>
      <object_component id="oc-3e">
         <name>.text:CSL_init</name>
         <load_address>0x3628</load_address>
         <run_address>0x3628</run_address>
         <size>0xc</size>
         <input_file_ref idref="fl-10"/>
      </object_component>
      <object_component id="oc-4a">
         <name>.text:IRQ_globalRestore</name>
         <load_address>0x3634</load_address>
         <run_address>0x3634</run_address>
         <size>0xc</size>
         <input_file_ref idref="fl-1b"/>
      </object_component>
      <object_component id="oc-5e">
         <name>.text:CIO_breakpoint</name>
         <load_address>0x3640</load_address>
         <run_address>0x3640</run_address>
         <size>0x7</size>
         <input_file_ref idref="fl-26"/>
      </object_component>
      <object_component id="oc-4e">
         <name>.text:MCBSP_read16</name>
         <load_address>0x3648</load_address>
         <run_address>0x3648</run_address>
         <size>0x7</size>
         <input_file_ref idref="fl-1f"/>
      </object_component>
      <object_component id="oc-51">
         <name>.text:MCBSP_write16</name>
         <load_address>0x3650</load_address>
         <run_address>0x3650</run_address>
         <size>0x7</size>
         <input_file_ref idref="fl-22"/>
      </object_component>
      <object_component id="oc-3d">
         <name>.text</name>
         <load_address>0x3658</load_address>
         <run_address>0x3658</run_address>
         <size>0x2</size>
         <input_file_ref idref="fl-10"/>
      </object_component>
      <object_component id="oc-56">
         <name>.stack</name>
         <load_address>0x300</load_address>
         <run_address>0x300</run_address>
         <size>0x0</size>
         <input_file_ref idref="fl-25"/>
      </object_component>
      <object_component id="oc-90">
         <name>.stack</name>
         <load_address>0x300</load_address>
         <run_address>0x300</run_address>
         <size>0x0</size>
      </object_component>
      <object_component id="oc-73">
         <name>.sysstack</name>
         <load_address>0x3660</load_address>
         <run_address>0x3660</run_address>
         <size>0x0</size>
         <input_file_ref idref="fl-25"/>
      </object_component>
      <object_component id="oc-91">
         <name>.sysstack</name>
         <load_address>0x3660</load_address>
         <run_address>0x3660</run_address>
         <size>0x0</size>
      </object_component>
      <object_component id="oc-55">
         <name>.csldata:MCBSP_data</name>
         <load_address>0x4c00</load_address>
         <run_address>0x4c00</run_address>
         <size>0xcc</size>
         <input_file_ref idref="fl-24"/>
      </object_component>
      <object_component id="oc-40">
         <name>.csldata:SYS_data</name>
         <load_address>0x4ccc</load_address>
         <run_address>0x4ccc</run_address>
         <size>0x44</size>
         <input_file_ref idref="fl-11"/>
      </object_component>
      <object_component id="oc-53">
         <name>.csldata:GPIO_data</name>
         <load_address>0x4d10</load_address>
         <run_address>0x4d10</run_address>
         <size>0x40</size>
         <input_file_ref idref="fl-23"/>
      </object_component>
      <object_component id="oc-35">
         <name>.bss</name>
         <load_address>0x49e0</load_address>
         <run_address>0x49e0</run_address>
         <size>0x1e0</size>
         <input_file_ref idref="fl-8"/>
      </object_component>
      <object_component id="oc-1f">
         <name>.bss</name>
         <load_address>0x4bc0</load_address>
         <run_address>0x4bc0</run_address>
         <size>0x10</size>
         <input_file_ref idref="fl-4"/>
      </object_component>
      <object_component id="oc-66">
         <name>.bss</name>
         <load_address>0x4bd0</load_address>
         <run_address>0x4bd0</run_address>
         <size>0x8</size>
         <input_file_ref idref="fl-28"/>
      </object_component>
      <object_component id="oc-5b">
         <name>.bss</name>
         <load_address>0x4bd8</load_address>
         <run_address>0x4bd8</run_address>
         <size>0x8</size>
         <input_file_ref idref="fl-26"/>
      </object_component>
      <object_component id="oc-2f">
         <name>.bss</name>
         <load_address>0x4be0</load_address>
         <run_address>0x4be0</run_address>
         <size>0x4</size>
         <input_file_ref idref="fl-7"/>
      </object_component>
      <object_component id="oc-77">
         <name>.const:_demoFilter</name>
         <load_address>0x4d60</load_address>
         <run_address>0x4d60</run_address>
         <size>0x88</size>
         <input_file_ref idref="fl-8"/>
      </object_component>
      <object_component id="oc-76">
         <name>.const:_fir1Coeffs</name>
         <load_address>0x4de8</load_address>
         <run_address>0x4de8</run_address>
         <size>0x7c</size>
         <input_file_ref idref="fl-8"/>
      </object_component>
      <object_component id="oc-75">
         <name>.const:_$P$T0$1</name>
         <load_address>0x4e64</load_address>
         <run_address>0x4e64</run_address>
         <size>0x36</size>
         <input_file_ref idref="fl-7"/>
      </object_component>
      <object_component id="oc-74">
         <name>.const:_$P$T0$1</name>
         <load_address>0x4e9a</load_address>
         <run_address>0x4e9a</run_address>
         <size>0x14</size>
         <input_file_ref idref="fl-5"/>
      </object_component>
      <object_component id="oc-37">
         <name>.cinit</name>
         <load_address>0x4660</load_address>
         <run_address>0x4660</run_address>
         <size>0x1e6</size>
         <input_file_ref idref="fl-8"/>
      </object_component>
      <object_component id="oc-54">
         <name>.cinit</name>
         <load_address>0x4846</load_address>
         <run_address>0x4846</run_address>
         <size>0xd2</size>
         <input_file_ref idref="fl-24"/>
      </object_component>
      <object_component id="oc-3f">
         <name>.cinit</name>
         <load_address>0x4918</load_address>
         <run_address>0x4918</run_address>
         <size>0x4a</size>
         <input_file_ref idref="fl-11"/>
      </object_component>
      <object_component id="oc-52">
         <name>.cinit</name>
         <load_address>0x4962</load_address>
         <run_address>0x4962</run_address>
         <size>0x46</size>
         <input_file_ref idref="fl-23"/>
      </object_component>
      <object_component id="oc-68">
         <name>.cinit</name>
         <load_address>0x49a8</load_address>
         <run_address>0x49a8</run_address>
         <size>0x14</size>
         <input_file_ref idref="fl-28"/>
      </object_component>
      <object_component id="oc-5d">
         <name>.cinit</name>
         <load_address>0x49bc</load_address>
         <run_address>0x49bc</run_address>
         <size>0x14</size>
         <input_file_ref idref="fl-26"/>
      </object_component>
      <object_component id="oc-13">
         <name>vectors</name>
         <load_address>0xfe00</load_address>
         <run_address>0xfe00</run_address>
         <size>0x100</size>
         <input_file_ref idref="fl-27"/>
      </object_component>
      <object_component id="oc-15">
         <name>.debug_info</name>
         <load_address>0x0</load_address>
         <run_address>0x0</run_address>
         <size>0xd05</size>
         <input_file_ref idref="fl-2"/>
      </object_component>
      <object_component id="oc-1a">
         <name>.debug_info</name>
         <load_address>0xd05</load_address>
         <run_address>0xd05</run_address>
         <size>0x882</size>
         <input_file_ref idref="fl-3"/>
      </object_component>
      <object_component id="oc-20">
         <name>.debug_info</name>
         <load_address>0x1587</load_address>
         <run_address>0x1587</run_address>
         <size>0xb7e</size>
         <input_file_ref idref="fl-4"/>
      </object_component>
      <object_component id="oc-25">
         <name>.debug_info</name>
         <load_address>0x2105</load_address>
         <run_address>0x2105</run_address>
         <size>0xa09</size>
         <input_file_ref idref="fl-5"/>
      </object_component>
      <object_component id="oc-2a">
         <name>.debug_info</name>
         <load_address>0x2b0e</load_address>
         <run_address>0x2b0e</run_address>
         <size>0xb78</size>
         <input_file_ref idref="fl-6"/>
      </object_component>
      <object_component id="oc-30">
         <name>.debug_info</name>
         <load_address>0x3686</load_address>
         <run_address>0x3686</run_address>
         <size>0x10d8</size>
         <input_file_ref idref="fl-7"/>
      </object_component>
      <object_component id="oc-36">
         <name>.debug_info</name>
         <load_address>0x475e</load_address>
         <run_address>0x475e</run_address>
         <size>0xb07</size>
         <input_file_ref idref="fl-8"/>
      </object_component>
      <object_component id="oc-57">
         <name>.debug_info</name>
         <load_address>0x5265</load_address>
         <run_address>0x5265</run_address>
         <size>0xe8</size>
         <input_file_ref idref="fl-25"/>
      </object_component>
      <object_component id="oc-5c">
         <name>.debug_info</name>
         <load_address>0x534d</load_address>
         <run_address>0x534d</run_address>
         <size>0x5fb</size>
         <input_file_ref idref="fl-26"/>
      </object_component>
      <object_component id="oc-62">
         <name>.debug_info</name>
         <load_address>0x5948</load_address>
         <run_address>0x5948</run_address>
         <size>0xbc</size>
         <input_file_ref idref="fl-27"/>
      </object_component>
      <object_component id="oc-67">
         <name>.debug_info</name>
         <load_address>0x5a04</load_address>
         <run_address>0x5a04</run_address>
         <size>0x5bc</size>
         <input_file_ref idref="fl-28"/>
      </object_component>
      <object_component id="oc-6c">
         <name>.debug_info</name>
         <load_address>0x5fc0</load_address>
         <run_address>0x5fc0</run_address>
         <size>0x586</size>
         <input_file_ref idref="fl-29"/>
      </object_component>
      <object_component id="oc-70">
         <name>.debug_info</name>
         <load_address>0x6546</load_address>
         <run_address>0x6546</run_address>
         <size>0xcd</size>
         <input_file_ref idref="fl-2a"/>
      </object_component>
      <object_component id="oc-93">
         <name>.debug_info</name>
         <load_address>0x6613</load_address>
         <run_address>0x6613</run_address>
         <size>0x6e</size>
      </object_component>
      <object_component id="oc-16">
         <name>.debug_frame</name>
         <load_address>0x0</load_address>
         <run_address>0x0</run_address>
         <size>0x13b</size>
         <input_file_ref idref="fl-2"/>
      </object_component>
      <object_component id="oc-1b">
         <name>.debug_frame</name>
         <load_address>0x13b</load_address>
         <run_address>0x13b</run_address>
         <size>0x138</size>
         <input_file_ref idref="fl-3"/>
      </object_component>
      <object_component id="oc-21">
         <name>.debug_frame</name>
         <load_address>0x273</load_address>
         <run_address>0x273</run_address>
         <size>0x13c</size>
         <input_file_ref idref="fl-4"/>
      </object_component>
      <object_component id="oc-26">
         <name>.debug_frame</name>
         <load_address>0x3af</load_address>
         <run_address>0x3af</run_address>
         <size>0x132</size>
         <input_file_ref idref="fl-5"/>
      </object_component>
      <object_component id="oc-2b">
         <name>.debug_frame</name>
         <load_address>0x4e1</load_address>
         <run_address>0x4e1</run_address>
         <size>0x157</size>
         <input_file_ref idref="fl-6"/>
      </object_component>
      <object_component id="oc-31">
         <name>.debug_frame</name>
         <load_address>0x638</load_address>
         <run_address>0x638</run_address>
         <size>0x138</size>
         <input_file_ref idref="fl-7"/>
      </object_component>
      <object_component id="oc-38">
         <name>.debug_frame</name>
         <load_address>0x770</load_address>
         <run_address>0x770</run_address>
         <size>0xed</size>
         <input_file_ref idref="fl-8"/>
      </object_component>
      <object_component id="oc-17">
         <name>.debug_line</name>
         <load_address>0x0</load_address>
         <run_address>0x0</run_address>
         <size>0xc7</size>
         <input_file_ref idref="fl-2"/>
      </object_component>
      <object_component id="oc-1c">
         <name>.debug_line</name>
         <load_address>0xc7</load_address>
         <run_address>0xc7</run_address>
         <size>0xf6</size>
         <input_file_ref idref="fl-3"/>
      </object_component>
      <object_component id="oc-22">
         <name>.debug_line</name>
         <load_address>0x1bd</load_address>
         <run_address>0x1bd</run_address>
         <size>0x144</size>
         <input_file_ref idref="fl-4"/>
      </object_component>
      <object_component id="oc-27">
         <name>.debug_line</name>
         <load_address>0x301</load_address>
         <run_address>0x301</run_address>
         <size>0xa0</size>
         <input_file_ref idref="fl-5"/>
      </object_component>
      <object_component id="oc-2c">
         <name>.debug_line</name>
         <load_address>0x3a1</load_address>
         <run_address>0x3a1</run_address>
         <size>0xe7</size>
         <input_file_ref idref="fl-6"/>
      </object_component>
      <object_component id="oc-32">
         <name>.debug_line</name>
         <load_address>0x488</load_address>
         <run_address>0x488</run_address>
         <size>0xc5</size>
         <input_file_ref idref="fl-7"/>
      </object_component>
      <object_component id="oc-39">
         <name>.debug_line</name>
         <load_address>0x54d</load_address>
         <run_address>0x54d</run_address>
         <size>0x99</size>
         <input_file_ref idref="fl-8"/>
      </object_component>
      <object_component id="oc-58">
         <name>.debug_line</name>
         <load_address>0x5e6</load_address>
         <run_address>0x5e6</run_address>
         <size>0x54</size>
         <input_file_ref idref="fl-25"/>
      </object_component>
      <object_component id="oc-5f">
         <name>.debug_line</name>
         <load_address>0x63a</load_address>
         <run_address>0x63a</run_address>
         <size>0x51</size>
         <input_file_ref idref="fl-26"/>
      </object_component>
      <object_component id="oc-63">
         <name>.debug_line</name>
         <load_address>0x68b</load_address>
         <run_address>0x68b</run_address>
         <size>0x37</size>
         <input_file_ref idref="fl-27"/>
      </object_component>
      <object_component id="oc-69">
         <name>.debug_line</name>
         <load_address>0x6c2</load_address>
         <run_address>0x6c2</run_address>
         <size>0x57</size>
         <input_file_ref idref="fl-28"/>
      </object_component>
      <object_component id="oc-6d">
         <name>.debug_line</name>
         <load_address>0x719</load_address>
         <run_address>0x719</run_address>
         <size>0x41</size>
         <input_file_ref idref="fl-29"/>
      </object_component>
      <object_component id="oc-71">
         <name>.debug_line</name>
         <load_address>0x75a</load_address>
         <run_address>0x75a</run_address>
         <size>0x55</size>
         <input_file_ref idref="fl-2a"/>
      </object_component>
      <object_component id="oc-18">
         <name>.debug_abbrev</name>
         <load_address>0x0</load_address>
         <run_address>0x0</run_address>
         <size>0x115</size>
         <input_file_ref idref="fl-2"/>
      </object_component>
      <object_component id="oc-1d">
         <name>.debug_abbrev</name>
         <load_address>0x115</load_address>
         <run_address>0x115</run_address>
         <size>0x158</size>
         <input_file_ref idref="fl-3"/>
      </object_component>
      <object_component id="oc-23">
         <name>.debug_abbrev</name>
         <load_address>0x26d</load_address>
         <run_address>0x26d</run_address>
         <size>0xf5</size>
         <input_file_ref idref="fl-4"/>
      </object_component>
      <object_component id="oc-28">
         <name>.debug_abbrev</name>
         <load_address>0x362</load_address>
         <run_address>0x362</run_address>
         <size>0x112</size>
         <input_file_ref idref="fl-5"/>
      </object_component>
      <object_component id="oc-2d">
         <name>.debug_abbrev</name>
         <load_address>0x474</load_address>
         <run_address>0x474</run_address>
         <size>0xe0</size>
         <input_file_ref idref="fl-6"/>
      </object_component>
      <object_component id="oc-33">
         <name>.debug_abbrev</name>
         <load_address>0x554</load_address>
         <run_address>0x554</run_address>
         <size>0x147</size>
         <input_file_ref idref="fl-7"/>
      </object_component>
      <object_component id="oc-3a">
         <name>.debug_abbrev</name>
         <load_address>0x69b</load_address>
         <run_address>0x69b</run_address>
         <size>0x121</size>
         <input_file_ref idref="fl-8"/>
      </object_component>
      <object_component id="oc-59">
         <name>.debug_abbrev</name>
         <load_address>0x7bc</load_address>
         <run_address>0x7bc</run_address>
         <size>0x3a</size>
         <input_file_ref idref="fl-25"/>
      </object_component>
      <object_component id="oc-60">
         <name>.debug_abbrev</name>
         <load_address>0x7f6</load_address>
         <run_address>0x7f6</run_address>
         <size>0xf7</size>
         <input_file_ref idref="fl-26"/>
      </object_component>
      <object_component id="oc-64">
         <name>.debug_abbrev</name>
         <load_address>0x8ed</load_address>
         <run_address>0x8ed</run_address>
         <size>0x26</size>
         <input_file_ref idref="fl-27"/>
      </object_component>
      <object_component id="oc-6a">
         <name>.debug_abbrev</name>
         <load_address>0x913</load_address>
         <run_address>0x913</run_address>
         <size>0x9f</size>
         <input_file_ref idref="fl-28"/>
      </object_component>
      <object_component id="oc-6e">
         <name>.debug_abbrev</name>
         <load_address>0x9b2</load_address>
         <run_address>0x9b2</run_address>
         <size>0xec</size>
         <input_file_ref idref="fl-29"/>
      </object_component>
      <object_component id="oc-72">
         <name>.debug_abbrev</name>
         <load_address>0xa9e</load_address>
         <run_address>0xa9e</run_address>
         <size>0x44</size>
         <input_file_ref idref="fl-2a"/>
      </object_component>
      <object_component id="oc-94">
         <name>.debug_abbrev</name>
         <load_address>0xae2</load_address>
         <run_address>0xae2</run_address>
         <size>0xd</size>
      </object_component>
   </object_component_list>
   <logical_group_list>
      <logical_group id="lg-2">
         <name>.text</name>
         <load_address>0x2300</load_address>
         <run_address>0x2300</run_address>
         <size>0x135c</size>
         <contents>
            <object_component_ref idref="oc-4f"/>
            <object_component_ref idref="oc-14"/>
            <object_component_ref idref="oc-1e"/>
            <object_component_ref idref="oc-48"/>
            <object_component_ref idref="oc-61"/>
            <object_component_ref idref="oc-47"/>
            <object_component_ref idref="oc-29"/>
            <object_component_ref idref="oc-4b"/>
            <object_component_ref idref="oc-34"/>
            <object_component_ref idref="oc-4d"/>
            <object_component_ref idref="oc-2e"/>
            <object_component_ref idref="oc-50"/>
            <object_component_ref idref="oc-3b"/>
            <object_component_ref idref="oc-46"/>
            <object_component_ref idref="oc-19"/>
            <object_component_ref idref="oc-24"/>
            <object_component_ref idref="oc-43"/>
            <object_component_ref idref="oc-6f"/>
            <object_component_ref idref="oc-6b"/>
            <object_component_ref idref="oc-5a"/>
            <object_component_ref idref="oc-4c"/>
            <object_component_ref idref="oc-12"/>
            <object_component_ref idref="oc-41"/>
            <object_component_ref idref="oc-45"/>
            <object_component_ref idref="oc-44"/>
            <object_component_ref idref="oc-42"/>
            <object_component_ref idref="oc-65"/>
            <object_component_ref idref="oc-49"/>
            <object_component_ref idref="oc-3c"/>
            <object_component_ref idref="oc-3e"/>
            <object_component_ref idref="oc-4a"/>
            <object_component_ref idref="oc-5e"/>
            <object_component_ref idref="oc-4e"/>
            <object_component_ref idref="oc-51"/>
            <object_component_ref idref="oc-3d"/>
         </contents>
      </logical_group>
      <logical_group id="lg-4">
         <name>.stack</name>
         <load_address>0x300</load_address>
         <run_address>0x300</run_address>
         <size>0x2000</size>
         <contents>
            <object_component_ref idref="oc-56"/>
            <object_component_ref idref="oc-90"/>
         </contents>
      </logical_group>
      <logical_group id="lg-5">
         <name>.sysstack</name>
         <load_address>0x3660</load_address>
         <run_address>0x3660</run_address>
         <size>0x1000</size>
         <contents>
            <object_component_ref idref="oc-73"/>
            <object_component_ref idref="oc-91"/>
         </contents>
      </logical_group>
      <logical_group id="lg-6">
         <name>.csldata</name>
         <load_address>0x4c00</load_address>
         <run_address>0x4c00</run_address>
         <size>0x150</size>
         <contents>
            <object_component_ref idref="oc-55"/>
            <object_component_ref idref="oc-40"/>
            <object_component_ref idref="oc-53"/>
         </contents>
      </logical_group>
      <logical_group id="lg-7">
         <name>.data</name>
         <load_address>0x300</load_address>
         <run_address>0x300</run_address>
         <size>0x0</size>
         <contents>
         </contents>
      </logical_group>
      <logical_group id="lg-8">
         <name>.bss</name>
         <load_address>0x49e0</load_address>
         <run_address>0x49e0</run_address>
         <size>0x204</size>
         <contents>
            <object_component_ref idref="oc-35"/>
            <object_component_ref idref="oc-1f"/>
            <object_component_ref idref="oc-66"/>
            <object_component_ref idref="oc-5b"/>
            <object_component_ref idref="oc-2f"/>
         </contents>
      </logical_group>
      <logical_group id="lg-9">
         <name>.const</name>
         <load_address>0x4d60</load_address>
         <run_address>0x4d60</run_address>
         <size>0x14e</size>
         <contents>
            <object_component_ref idref="oc-77"/>
            <object_component_ref idref="oc-76"/>
            <object_component_ref idref="oc-75"/>
            <object_component_ref idref="oc-74"/>
         </contents>
      </logical_group>
      <logical_group id="lg-a">
         <name>.sysmem</name>
         <run_address>0x0</run_address>
         <size>0x0</size>
         <contents>
         </contents>
      </logical_group>
      <logical_group id="lg-b">
         <name>.switch</name>
         <run_address>0x0</run_address>
         <size>0x0</size>
         <contents>
         </contents>
      </logical_group>
      <logical_group id="lg-c">
         <name>.cinit</name>
         <load_address>0x4660</load_address>
         <run_address>0x4660</run_address>
         <size>0x372</size>
         <contents>
            <object_component_ref idref="oc-37"/>
            <object_component_ref idref="oc-54"/>
            <object_component_ref idref="oc-3f"/>
            <object_component_ref idref="oc-52"/>
            <object_component_ref idref="oc-68"/>
            <object_component_ref idref="oc-5d"/>
         </contents>
      </logical_group>
      <logical_group id="lg-d">
         <name>.pinit</name>
         <load_address>0x300</load_address>
         <run_address>0x300</run_address>
         <size>0x0</size>
         <contents>
         </contents>
      </logical_group>
      <logical_group id="lg-e">
         <name>.cio</name>
         <load_address>0x300</load_address>
         <run_address>0x300</run_address>
         <size>0x0</size>
         <contents>
         </contents>
      </logical_group>
      <logical_group id="lg-f">
         <name>.args</name>
         <load_address>0x300</load_address>
         <run_address>0x300</run_address>
         <size>0x0</size>
         <contents>
         </contents>
      </logical_group>
      <logical_group id="lg-10">
         <name>vectors</name>
         <load_address>0xfe00</load_address>
         <run_address>0xfe00</run_address>
         <size>0x100</size>
         <contents>
            <object_component_ref idref="oc-13"/>
         </contents>
      </logical_group>
      <logical_group id="lg-11">
         <name>.ioport</name>
         <run_address>0x0</run_address>
         <size>0x0</size>
         <contents>
         </contents>
      </logical_group>
      <logical_group id="lg-87">
         <name>.debug_info</name>
         <load_address>0x0</load_address>
         <run_address>0x0</run_address>
         <size>0x6681</size>
         <contents>
            <object_component_ref idref="oc-15"/>
            <object_component_ref idref="oc-1a"/>
            <object_component_ref idref="oc-20"/>
            <object_component_ref idref="oc-25"/>
            <object_component_ref idref="oc-2a"/>
            <object_component_ref idref="oc-30"/>
            <object_component_ref idref="oc-36"/>
            <object_component_ref idref="oc-57"/>
            <object_component_ref idref="oc-5c"/>
            <object_component_ref idref="oc-62"/>
            <object_component_ref idref="oc-67"/>
            <object_component_ref idref="oc-6c"/>
            <object_component_ref idref="oc-70"/>
            <object_component_ref idref="oc-93"/>
         </contents>
      </logical_group>
      <logical_group id="lg-89">
         <name>.debug_frame</name>
         <load_address>0x0</load_address>
         <run_address>0x0</run_address>
         <size>0x85d</size>
         <contents>
            <object_component_ref idref="oc-16"/>
            <object_component_ref idref="oc-1b"/>
            <object_component_ref idref="oc-21"/>
            <object_component_ref idref="oc-26"/>
            <object_component_ref idref="oc-2b"/>
            <object_component_ref idref="oc-31"/>
            <object_component_ref idref="oc-38"/>
         </contents>
      </logical_group>
      <logical_group id="lg-8b">
         <name>.debug_line</name>
         <load_address>0x0</load_address>
         <run_address>0x0</run_address>
         <size>0x7af</size>
         <contents>
            <object_component_ref idref="oc-17"/>
            <object_component_ref idref="oc-1c"/>
            <object_component_ref idref="oc-22"/>
            <object_component_ref idref="oc-27"/>
            <object_component_ref idref="oc-2c"/>
            <object_component_ref idref="oc-32"/>
            <object_component_ref idref="oc-39"/>
            <object_component_ref idref="oc-58"/>
            <object_component_ref idref="oc-5f"/>
            <object_component_ref idref="oc-63"/>
            <object_component_ref idref="oc-69"/>
            <object_component_ref idref="oc-6d"/>
            <object_component_ref idref="oc-71"/>
         </contents>
      </logical_group>
      <logical_group id="lg-8d">
         <name>.debug_abbrev</name>
         <load_address>0x0</load_address>
         <run_address>0x0</run_address>
         <size>0xaef</size>
         <contents>
            <object_component_ref idref="oc-18"/>
            <object_component_ref idref="oc-1d"/>
            <object_component_ref idref="oc-23"/>
            <object_component_ref idref="oc-28"/>
            <object_component_ref idref="oc-2d"/>
            <object_component_ref idref="oc-33"/>
            <object_component_ref idref="oc-3a"/>
            <object_component_ref idref="oc-59"/>
            <object_component_ref idref="oc-60"/>
            <object_component_ref idref="oc-64"/>
            <object_component_ref idref="oc-6a"/>
            <object_component_ref idref="oc-6e"/>
            <object_component_ref idref="oc-72"/>
            <object_component_ref idref="oc-94"/>
         </contents>
      </logical_group>
   </logical_group_list>
   <placement_map>
      <memory_area>
         <name>MMR</name>
         <page_id>0x0</page_id>
         <origin>0x0</origin>
         <length>0xc0</length>
         <used_space>0x0</used_space>
         <unused_space>0xc0</unused_space>
         <attributes>RWIX</attributes>
         <usage_details>
         </usage_details>
      </memory_area>
      <memory_area>
         <name>BTRSVD</name>
         <page_id>0x0</page_id>
         <origin>0xc0</origin>
         <length>0x240</length>
         <used_space>0x0</used_space>
         <unused_space>0x240</unused_space>
         <attributes>RWIX</attributes>
         <usage_details>
         </usage_details>
      </memory_area>
      <memory_area>
         <name>DARAM</name>
         <page_id>0x0</page_id>
         <origin>0x300</origin>
         <length>0xfb00</length>
         <used_space>0x4b70</used_space>
         <unused_space>0xaf90</unused_space>
         <attributes>RWIX</attributes>
         <usage_details>
            <allocated_space>
               <start_address>0x300</start_address>
               <size>0x0</size>
               <logical_group_ref idref="lg-7"/>
            </allocated_space>
            <allocated_space>
               <start_address>0x300</start_address>
               <size>0x2000</size>
               <logical_group_ref idref="lg-4"/>
            </allocated_space>
            <allocated_space>
               <start_address>0x2300</start_address>
               <size>0x135c</size>
               <logical_group_ref idref="lg-2"/>
            </allocated_space>
            <available_space>
               <start_address>0x365c</start_address>
               <size>0x4</size>
            </available_space>
            <allocated_space>
               <start_address>0x3660</start_address>
               <size>0x1000</size>
               <logical_group_ref idref="lg-5"/>
            </allocated_space>
            <allocated_space>
               <start_address>0x4660</start_address>
               <size>0x372</size>
               <logical_group_ref idref="lg-c"/>
            </allocated_space>
            <available_space>
               <start_address>0x49d2</start_address>
               <size>0xe</size>
            </available_space>
            <allocated_space>
               <start_address>0x49e0</start_address>
               <size>0x204</size>
               <logical_group_ref idref="lg-8"/>
            </allocated_space>
            <available_space>
               <start_address>0x4be4</start_address>
               <size>0x1c</size>
            </available_space>
            <allocated_space>
               <start_address>0x4c00</start_address>
               <size>0x150</size>
               <logical_group_ref idref="lg-6"/>
            </allocated_space>
            <available_space>
               <start_address>0x4d50</start_address>
               <size>0x10</size>
            </available_space>
            <allocated_space>
               <start_address>0x4d60</start_address>
               <size>0x14e</size>
               <logical_group_ref idref="lg-9"/>
            </allocated_space>
            <available_space>
               <start_address>0x4eae</start_address>
               <size>0xaf52</size>
            </available_space>
         </usage_details>
      </memory_area>
      <memory_area>
         <name>VECS</name>
         <page_id>0x0</page_id>
         <origin>0xfe00</origin>
         <length>0x200</length>
         <used_space>0x100</used_space>
         <unused_space>0x100</unused_space>
         <attributes>RWIX</attributes>
         <usage_details>
            <allocated_space>
               <start_address>0xfe00</start_address>
               <size>0x100</size>
               <logical_group_ref idref="lg-10"/>
            </allocated_space>
            <available_space>
               <start_address>0xff00</start_address>
               <size>0x100</size>
            </available_space>
         </usage_details>
      </memory_area>
      <memory_area>
         <name>CE0</name>
         <page_id>0x0</page_id>
         <origin>0x10000</origin>
         <length>0x3f0000</length>
         <used_space>0x0</used_space>
         <unused_space>0x3f0000</unused_space>
         <attributes>RWIX</attributes>
         <usage_details>
         </usage_details>
      </memory_area>
      <memory_area>
         <name>CE1</name>
         <page_id>0x0</page_id>
         <origin>0x400000</origin>
         <length>0x400000</length>
         <used_space>0x0</used_space>
         <unused_space>0x400000</unused_space>
         <attributes>RWIX</attributes>
         <usage_details>
         </usage_details>
      </memory_area>
      <memory_area>
         <name>CE2</name>
         <page_id>0x0</page_id>
         <origin>0x800000</origin>
         <length>0x400000</length>
         <used_space>0x0</used_space>
         <unused_space>0x400000</unused_space>
         <attributes>RWIX</attributes>
         <usage_details>
         </usage_details>
      </memory_area>
      <memory_area>
         <name>CE3</name>
         <page_id>0x0</page_id>
         <origin>0xc00000</origin>
         <length>0x3f8000</length>
         <used_space>0x0</used_space>
         <unused_space>0x3f8000</unused_space>
         <attributes>RWIX</attributes>
         <usage_details>
         </usage_details>
      </memory_area>
      <memory_area>
         <name>PDROM</name>
         <page_id>0x0</page_id>
         <origin>0xff8000</origin>
         <length>0x8000</length>
         <used_space>0x0</used_space>
         <unused_space>0x8000</unused_space>
         <attributes>RIX</attributes>
         <usage_details>
         </usage_details>
      </memory_area>
      <memory_area>
         <name>IOPORT</name>
         <page_id>0x2</page_id>
         <origin>0x0</origin>
         <length>0x20000</length>
         <used_space>0x0</used_space>
         <unused_space>0x20000</unused_space>
         <attributes>RWI</attributes>
         <usage_details>
         </usage_details>
      </memory_area>
   </placement_map>
   <symbol_table>
      <symbol id="sm-0">
         <name>$TI_capability$C5500$CallingConvention</name>
         <value>0x2</value>
      </symbol>
      <symbol id="sm-1">
         <name>$TI_capability$C5500$MemoryModel</name>
         <value>0x2</value>
      </symbol>
      <symbol id="sm-2">
         <name>$TI_capability_requires_rev2</name>
         <value>0x1</value>
      </symbol>
      <symbol id="sm-3">
         <name>cinit</name>
         <value>0x4660</value>
      </symbol>
      <symbol id="sm-4">
         <name>___cinit__</name>
         <value>0x4660</value>
      </symbol>
      <symbol id="sm-5">
         <name>pinit</name>
         <value>0xffffffff</value>
      </symbol>
      <symbol id="sm-6">
         <name>___pinit__</name>
         <value>0xffffffff</value>
      </symbol>
      <symbol id="sm-7">
         <name>binit</name>
         <value>0xffffffff</value>
      </symbol>
      <symbol id="sm-8">
         <name>___binit__</name>
         <value>0xffffffff</value>
      </symbol>
      <symbol id="sm-9">
         <name>__STACK_SIZE</name>
         <value>0x2000</value>
      </symbol>
      <symbol id="sm-a">
         <name>__STACK_END</name>
         <value>0x2300</value>
      </symbol>
      <symbol id="sm-b">
         <name>___c_args__</name>
         <value>0xffffffff</value>
      </symbol>
      <symbol id="sm-c">
         <name>__SYSSTACK_SIZE</name>
         <value>0x1000</value>
      </symbol>
      <symbol id="sm-d">
         <name>.text</name>
         <value>0x2300</value>
      </symbol>
      <symbol id="sm-e">
         <name>___text__</name>
         <value>0x2300</value>
      </symbol>
      <symbol id="sm-f">
         <name>etext</name>
         <value>0x365c</value>
      </symbol>
      <symbol id="sm-10">
         <name>___etext__</name>
         <value>0x365c</value>
      </symbol>
      <symbol id="sm-11">
         <name>.data</name>
         <value>0x300</value>
      </symbol>
      <symbol id="sm-12">
         <name>___data__</name>
         <value>0x300</value>
      </symbol>
      <symbol id="sm-13">
         <name>edata</name>
         <value>0x300</value>
      </symbol>
      <symbol id="sm-14">
         <name>___edata__</name>
         <value>0x300</value>
      </symbol>
      <symbol id="sm-15">
         <name>.bss</name>
         <value>0x49e0</value>
      </symbol>
      <symbol id="sm-16">
         <name>___bss__</name>
         <value>0x49e0</value>
      </symbol>
      <symbol id="sm-17">
         <name>end</name>
         <value>0x4be4</value>
      </symbol>
      <symbol id="sm-18">
         <name>___end__</name>
         <value>0x4be4</value>
      </symbol>
      <symbol id="sm-48">
         <name>_AIC3204_rset</name>
         <value>0x25ae</value>
         <object_component_ref idref="oc-14"/>
      </symbol>
      <symbol id="sm-49">
         <name>_aic3204_output_sample</name>
         <value>0x2770</value>
         <object_component_ref idref="oc-14"/>
      </symbol>
      <symbol id="sm-4a">
         <name>_aic3204_setup</name>
         <value>0x25d8</value>
         <object_component_ref idref="oc-14"/>
      </symbol>
      <symbol id="sm-4b">
         <name>_AIC3204_rget</name>
         <value>0x2561</value>
         <object_component_ref idref="oc-14"/>
      </symbol>
      <symbol id="sm-5a">
         <name>_EZDSP5502_init</name>
         <value>0x3370</value>
         <object_component_ref idref="oc-19"/>
      </symbol>
      <symbol id="sm-5b">
         <name>_EZDSP5502_wait</name>
         <value>0x332a</value>
         <object_component_ref idref="oc-19"/>
      </symbol>
      <symbol id="sm-5c">
         <name>_EZDSP5502_waitusec</name>
         <value>0x335e</value>
         <object_component_ref idref="oc-19"/>
      </symbol>
      <symbol id="sm-80">
         <name>_EZDSP5502_GPIO_getInput</name>
         <value>0x2915</value>
         <object_component_ref idref="oc-1e"/>
      </symbol>
      <symbol id="sm-81">
         <name>_hGPIO_group0</name>
         <value>0x4bc0</value>
         <object_component_ref idref="oc-1f"/>
      </symbol>
      <symbol id="sm-82">
         <name>_hGPIO_group1</name>
         <value>0x4bc4</value>
         <object_component_ref idref="oc-1f"/>
      </symbol>
      <symbol id="sm-83">
         <name>_hGPIO_group2</name>
         <value>0x4bc8</value>
         <object_component_ref idref="oc-1f"/>
      </symbol>
      <symbol id="sm-84">
         <name>_hGPIO_group3</name>
         <value>0x4bcc</value>
         <object_component_ref idref="oc-1f"/>
      </symbol>
      <symbol id="sm-85">
         <name>_EZDSP5502_GPIO_init</name>
         <value>0x2784</value>
         <object_component_ref idref="oc-1e"/>
      </symbol>
      <symbol id="sm-86">
         <name>_EZDSP5502_GPIO_setDirection</name>
         <value>0x281b</value>
         <object_component_ref idref="oc-1e"/>
      </symbol>
      <symbol id="sm-87">
         <name>_EZDSP5502_GPIO_setOutput</name>
         <value>0x2898</value>
         <object_component_ref idref="oc-1e"/>
      </symbol>
      <symbol id="sm-98">
         <name>_EZDSP5502_I2C_write</name>
         <value>0x33b0</value>
         <object_component_ref idref="oc-24"/>
      </symbol>
      <symbol id="sm-99">
         <name>_EZDSP5502_I2C_read</name>
         <value>0x33d2</value>
         <object_component_ref idref="oc-24"/>
      </symbol>
      <symbol id="sm-9a">
         <name>_EZDSP5502_I2C_reset</name>
         <value>0x33a6</value>
         <object_component_ref idref="oc-24"/>
      </symbol>
      <symbol id="sm-9b">
         <name>_EZDSP5502_I2C_init</name>
         <value>0x3389</value>
         <object_component_ref idref="oc-24"/>
      </symbol>
      <symbol id="sm-ab">
         <name>_EZDSP5502_I2CGPIO_readLine</name>
         <value>0x2cd0</value>
         <object_component_ref idref="oc-29"/>
      </symbol>
      <symbol id="sm-ac">
         <name>_EZDSP5502_I2CGPIO_writeLine</name>
         <value>0x2d01</value>
         <object_component_ref idref="oc-29"/>
      </symbol>
      <symbol id="sm-ad">
         <name>_EZDSP5502_I2CGPIO_read</name>
         <value>0x2d54</value>
         <object_component_ref idref="oc-29"/>
      </symbol>
      <symbol id="sm-ae">
         <name>_EZDSP5502_I2CGPIO_write</name>
         <value>0x2da1</value>
         <object_component_ref idref="oc-29"/>
      </symbol>
      <symbol id="sm-af">
         <name>_EZDSP5502_I2CGPIO_configLine</name>
         <value>0x2c7d</value>
         <object_component_ref idref="oc-29"/>
      </symbol>
      <symbol id="sm-c8">
         <name>_EZDSP5502_MCBSP_write</name>
         <value>0x3148</value>
         <object_component_ref idref="oc-2e"/>
      </symbol>
      <symbol id="sm-c9">
         <name>_EZDSP5502_MCBSP_init</name>
         <value>0x30f2</value>
         <object_component_ref idref="oc-2e"/>
      </symbol>
      <symbol id="sm-ca">
         <name>_EZDSP5502_MCBSP_read</name>
         <value>0x3178</value>
         <object_component_ref idref="oc-2e"/>
      </symbol>
      <symbol id="sm-cb">
         <name>_aicMcbsp</name>
         <value>0x4be0</value>
         <object_component_ref idref="oc-2f"/>
      </symbol>
      <symbol id="sm-cc">
         <name>_EZDSP5502_MCBSP_close</name>
         <value>0x3136</value>
         <object_component_ref idref="oc-2e"/>
      </symbol>
      <symbol id="sm-ef">
         <name>_main</name>
         <value>0x2efc</value>
         <object_component_ref idref="oc-34"/>
      </symbol>
      <symbol id="sm-f0">
         <name>_testVector</name>
         <value>0x49e0</value>
         <object_component_ref idref="oc-35"/>
      </symbol>
      <symbol id="sm-f1">
         <name>_demoFilter</name>
         <value>0x4d60</value>
         <object_component_ref idref="oc-77"/>
      </symbol>
      <symbol id="sm-f2">
         <name>_fir1Coeffs</name>
         <value>0x4de8</value>
         <object_component_ref idref="oc-76"/>
      </symbol>
      <symbol id="sm-f4">
         <name>_myFIR</name>
         <value>0x322e</value>
         <object_component_ref idref="oc-3b"/>
      </symbol>
      <symbol id="sm-127">
         <name>__CSL_init</name>
         <value>0x3618</value>
         <object_component_ref idref="oc-3c"/>
      </symbol>
      <symbol id="sm-12d">
         <name>_CSL5502_LIB_</name>
         <value>0x3658</value>
         <object_component_ref idref="oc-3d"/>
      </symbol>
      <symbol id="sm-12e">
         <name>_CSL_init</name>
         <value>0x3628</value>
         <object_component_ref idref="oc-3e"/>
      </symbol>
      <symbol id="sm-134">
         <name>_CSL_SysData</name>
         <value>0x4ccc</value>
         <object_component_ref idref="oc-40"/>
      </symbol>
      <symbol id="sm-138">
         <name>_GPIO_pinDirection</name>
         <value>0x358c</value>
         <object_component_ref idref="oc-41"/>
      </symbol>
      <symbol id="sm-13c">
         <name>_GPIO_pinEnable</name>
         <value>0x35e0</value>
         <object_component_ref idref="oc-42"/>
      </symbol>
      <symbol id="sm-140">
         <name>_GPIO_open</name>
         <value>0x33f8</value>
         <object_component_ref idref="oc-43"/>
      </symbol>
      <symbol id="sm-144">
         <name>_GPIO_pinRead</name>
         <value>0x35cc</value>
         <object_component_ref idref="oc-44"/>
      </symbol>
      <symbol id="sm-148">
         <name>_GPIO_pinWrite</name>
         <value>0x35ac</value>
         <object_component_ref idref="oc-45"/>
      </symbol>
      <symbol id="sm-14c">
         <name>_I2C_config</name>
         <value>0x32a8</value>
         <object_component_ref idref="oc-46"/>
      </symbol>
      <symbol id="sm-154">
         <name>_I2C_read</name>
         <value>0x2b20</value>
         <object_component_ref idref="oc-47"/>
      </symbol>
      <symbol id="sm-15e">
         <name>_I2C_write</name>
         <value>0x2990</value>
         <object_component_ref idref="oc-48"/>
      </symbol>
      <symbol id="sm-162">
         <name>_IRQ_globalDisable</name>
         <value>0x3608</value>
         <object_component_ref idref="oc-49"/>
      </symbol>
      <symbol id="sm-166">
         <name>_IRQ_globalRestore</name>
         <value>0x3634</value>
         <object_component_ref idref="oc-4a"/>
      </symbol>
      <symbol id="sm-16a">
         <name>_MCBSP_config</name>
         <value>0x2dcc</value>
         <object_component_ref idref="oc-4b"/>
      </symbol>
      <symbol id="sm-16e">
         <name>_MCBSP_close</name>
         <value>0x3520</value>
         <object_component_ref idref="oc-4c"/>
      </symbol>
      <symbol id="sm-173">
         <name>_MCBSP_open</name>
         <value>0x3004</value>
         <object_component_ref idref="oc-4d"/>
      </symbol>
      <symbol id="sm-177">
         <name>_MCBSP_read16</name>
         <value>0x3648</value>
         <object_component_ref idref="oc-4e"/>
      </symbol>
      <symbol id="sm-17b">
         <name>_MCBSP_reset</name>
         <value>0x2300</value>
         <object_component_ref idref="oc-4f"/>
      </symbol>
      <symbol id="sm-17f">
         <name>_MCBSP_start</name>
         <value>0x31ac</value>
         <object_component_ref idref="oc-50"/>
      </symbol>
      <symbol id="sm-183">
         <name>_MCBSP_write16</name>
         <value>0x3650</value>
         <object_component_ref idref="oc-51"/>
      </symbol>
      <symbol id="sm-189">
         <name>_CSL_GpioData</name>
         <value>0x4d10</value>
         <object_component_ref idref="oc-53"/>
      </symbol>
      <symbol id="sm-18f">
         <name>_CSL_McbspData</name>
         <value>0x4c00</value>
         <object_component_ref idref="oc-55"/>
      </symbol>
      <symbol id="sm-19b">
         <name>__sysstack</name>
         <value>0x3660</value>
         <object_component_ref idref="oc-73"/>
      </symbol>
      <symbol id="sm-19c">
         <name>_c_int00</name>
         <value>0x3556</value>
         <object_component_ref idref="oc-12"/>
      </symbol>
      <symbol id="sm-19d">
         <name>__stack</name>
         <value>0x300</value>
         <object_component_ref idref="oc-56"/>
      </symbol>
      <symbol id="sm-1ad">
         <name>C$$EXIT</name>
         <value>0x3641</value>
         <object_component_ref idref="oc-5e"/>
      </symbol>
      <symbol id="sm-1ae">
         <name>_exit</name>
         <value>0x34df</value>
         <object_component_ref idref="oc-5a"/>
      </symbol>
      <symbol id="sm-1af">
         <name>_abort</name>
         <value>0x3640</value>
         <object_component_ref idref="oc-5e"/>
      </symbol>
      <symbol id="sm-1b0">
         <name>__cleanup_ptr</name>
         <value>0x4bd8</value>
         <object_component_ref idref="oc-5b"/>
      </symbol>
      <symbol id="sm-1b1">
         <name>__dtors_ptr</name>
         <value>0x4bdc</value>
         <object_component_ref idref="oc-5b"/>
      </symbol>
      <symbol id="sm-1bb">
         <name>_Reset</name>
         <value>0xfe00</value>
         <object_component_ref idref="oc-13"/>
      </symbol>
      <symbol id="sm-1c9">
         <name>__unlock</name>
         <value>0x4bd4</value>
         <object_component_ref idref="oc-66"/>
      </symbol>
      <symbol id="sm-1ca">
         <name>__lock</name>
         <value>0x4bd0</value>
         <object_component_ref idref="oc-66"/>
      </symbol>
      <symbol id="sm-1cb">
         <name>__register_lock</name>
         <value>0x35fb</value>
         <object_component_ref idref="oc-65"/>
      </symbol>
      <symbol id="sm-1cc">
         <name>__nop</name>
         <value>0x3603</value>
         <object_component_ref idref="oc-65"/>
      </symbol>
      <symbol id="sm-1cd">
         <name>__register_unlock</name>
         <value>0x35f3</value>
         <object_component_ref idref="oc-65"/>
      </symbol>
      <symbol id="sm-1d7">
         <name>__args_main</name>
         <value>0x3494</value>
         <object_component_ref idref="oc-6b"/>
      </symbol>
      <symbol id="sm-1d8">
         <name>__TI_args_main</name>
         <value>0x1</value>
      </symbol>
      <symbol id="sm-1e0">
         <name>_auto_init</name>
         <value>0x3447</value>
         <object_component_ref idref="oc-6f"/>
      </symbol>
   </symbol_table>
</link_info>
